Swimming,Response
Dolphin,Improve
Dolphin,Improve
Dolphin,Improve
Dolphin,Improve
Dolphin,Improve
Dolphin,Improve
Dolphin,Improve
Dolphin,Improve
Dolphin,Improve
Dolphin,Improve
Control,Improve
Control,Improve
Control,Improve
Dolphin,NotImprove
Dolphin,NotImprove
Dolphin,NotImprove
Dolphin,NotImprove
Dolphin,NotImprove
Control,NotImprove
Control,NotImprove
Control,NotImprove
Control,NotImprove
Control,NotImprove
Control,NotImprove
Control,NotImprove
Control,NotImprove
Control,NotImprove
Control,NotImprove
Control,NotImprove
Control,NotImprove
